Designator,Quantity,Value,Footprint,Package,MPN,DNP,Mount_Type,Description,PROD_ID,Voltage,Tolerance,Sim.Pins,MANUFACTURER,PART_REV,STANDARD
"C1, C8",2,0.1uF,C_1206_3216Metric_Pad1.33x1.80mm_HandSolder,,,,smt,Unpolarized capacitor,CAP-25565,16V,10%,,,,
"C11, C12",2,0.47 uF,C_0402_1005Metric_Pad0.74x0.62mm_HandSolder,,,,smt,Unpolarized capacitor,,,,,,,
C13,1,1 uF,C_0402_1005Metric_Pad0.74x0.62mm_HandSolder,,,,smt,Unpolarized capacitor,,,,,,,
"C14, C17",2,100 pF,C_0402_1005Metric_Pad0.74x0.62mm_HandSolder,,,,smt,Unpolarized capacitor,,,,,,,
"C15, C16",2,125 uF,C_0402_1005Metric_Pad0.74x0.62mm_HandSolder,,,,smt,Unpolarized capacitor,,,,,,,
C18,1,100pF,C_0402_1005Metric_Pad0.74x0.62mm_HandSolder,,,,smt,Unpolarized capacitor,,,,,,,
C2,1,4.7 uF,C_0402_1005Metric_Pad0.74x0.62mm_HandSolder,,,,smt,Unpolarized capacitor,,,,,,,
C3,1,1 nF,C_0402_1005Metric_Pad0.74x0.62mm_HandSolder,,,,smt,Unpolarized capacitor,,,,,,,
"C4, C9",2,100 nF,C_0402_1005Metric_Pad0.74x0.62mm_HandSolder,,,,smt,Unpolarized capacitor,,,,,,,
C5,1,22 nF,C_0402_1005Metric_Pad0.74x0.62mm_HandSolder,,,,smt,Unpolarized capacitor,,,,,,,
C6,1,0.1uF,C_0402_1005Metric_Pad0.74x0.62mm_HandSolder,,,,smt,Unpolarized capacitor,CAP-00810,25V,20%,,,,
C7,1,0.1uF,C_0603_1608Metric,,,,smt,Unpolarized capacitor,CAP-00810,25V,20%,,,,
"D1, D2, D3",3,TPD1E01B04DPYR,DIO_TPD1E05U06DPYR,,,,smt,,,,,,,,
D4,1,LED,LED_0603_1608Metric_Pad1.05x0.95mm_HandSolder,,,,smt,Light emitting diode,,,,1=K 2=A,,,
"FB1, FB2",2,FerriteBead_Small,BEADC1608X95N,,,,smt,"Ferrite bead, small symbol",,,,,,,
J1,1,GameBoy_GamePak_CGB-002,GameBoy_GamePak_CGB-002_P1.50mm_Edge,,,,tht,,,,,,,,
J2,1,SJ-43514,SJ_43514,,,,tht,,,,,,CUI INC,1.04,MANUFACTURER RECOMMENDATIONS
J6,1,microSD,microSD_External_Pin,,,,smt,Micro SD socket External Pin,CONN-16110,,,,,,
L1,1,270 nH,L_0402_1005Metric_Pad0.77x0.64mm_HandSolder,,,,smt,Inductor,,,,,,,
R1,1,1k,R_0603_1608Metric,,,,smt,Resistor,RES-07869,,,,,,
"R10, R4, R5, R6, R7",5,20k,R_0603_1608Metric,,,,smt,Resistor,RES-07869,,,,,,
R11,1,600,R_0603_1608Metric,,,,smt,Resistor,RES-07869,,,,,,
"R12, R13",2,2k,R_0603_1608Metric,,,,smt,Resistor,RES-07869,,,,,,
"R2, R3",2,4.7k,R_0603_1608Metric,,,,smt,Resistor,RES-07869,,,,,,
"R8, R9",2,100k,R_0603_1608Metric,,,,smt,Resistor,RES-07869,,,,,,
U1,1,W25Q16JVSS,SOIC-8_5.3x5.3mm_P1.27mm,,,,smt,"16Mbit / 2MiB Serial Flash Memory, Standard/Dual/Quad SPI, 2.7-3.6V, SOIC-8 (208 mil)",,,,,,,
U2,1,SI4705-D60-GU,SOP64P600X175-24N,,,,smt,,,,,,,,
U4,1,LM4810,TSSOP-8_3x3mm_P0.65mm,,,,smt,"Boomer Dual 105mW Headphone Amplifier with Active-High Shutdown Mode, VSSOP-8",,,,,,,
Y2,1,SIT1533AI-H4-DCC-32.768E,XTAL4_SiT1533_SIT,,,,smt,"SiTime Low Power Mems programmable oscillator, 1MHz to 110MHz, PQFN-4, 2.5x2.0mm (with NC pin)",,,,,,,
