"Index","Quantity","Part Number","Manufacturer Part Number","Description","Customer Reference","Available","Backorder","Unit Price","Extended Price USD"
"1","5","2648-SC1510-A4CT-ND","SC1510-A4","RP2350B / 7"" REEL - 500PCS","","5","0","1.00000","5.00"
"2","5","535-AMPLH7020S-6R8MTCT-ND","AMPLH7020S-6R8MT","FIXED IND 6.8UH 5.3A 64 MOHM SMD","","5","0","0.82000","4.10"
"3","5","516-4291-1-ND","ASMB-LTD2-0A333","LED RGB DIFFUSED 4PLCC SMD","","5","0","0.58000","2.90"
"4","2","296-27216-1-ND","TLV320DAC3100IRHBR","IC DAC 24BIT 192K 32VQFN","","2","0","2.30000","4.60"
"5","1","4809-RK10J11R0A0LCT-ND","RK10J11R0A0L","THUMBWHEEL POT 10KOHM 0.03W TOP","","1","0","2.87000","2.87"
"6","1","APX803S-31SA-7DICT-ND","APX803S-31SA-7","IC SUPERVISOR 1 CHANNEL SOT23","","1","0","0.24000","0.24"
"7","1","BSS138CT-ND","BSS138","MOSFET N-CH 50V 220MA SOT23-3","","1","0","0.28000","0.28"
"8","1","497-11883-1-ND","USBLC6-4SC6Y","TVS DIODE 5.25VWM 17VC SOT23-6","","1","0","0.32000","0.32"
"9","4","2073-USB4105-GF-A-120CT-ND","USB4105-GF-A-120","CONN RCP USB2.0 TYP C 16P SMD RA","","4","0","0.78000","3.12"
"10","1","DMG2301L-7DICT-ND","DMG2301L-7","MOSFET P-CH 20V 3A SOT23","","1","0","0.26000","0.26"
"11","1","490-9647-1-ND","PKMCS0909E4000-R1","BUZZER PIEZO 9X9MM SMD","","1","0","0.92000","0.92"
"12","5","535-AOTA-B201610S3R3-101-TCT-ND","AOTA-B201610S3R3-101-T","FIXED IND 3.3UH 2.1A 140 MOHM","","5","0","0.21000","1.05"
"13","1","FDN306PCT-ND","FDN306P","MOSFET P-CH 12V 2.6A SUPERSOT3","","1","0","0.70000","0.70"
"14","2","296-23151-1-ND","SN74HC165DBR","IC SHIFT REGTR COMP 8BIT 16-SSOP","","2","0","0.44000","0.88"
"15","1","448-FM24C64B-GTRCT-ND","FM24C64B-GTR","IC FRAM 64KBIT I2C 1MHZ 8SOIC","","1","0","3.17000","3.17"
"16","10","W25Q32JWSSIQ-ND","W25Q32JWSSIQ","IC FLASH 32MBIT SPI/QUAD 8SOIC","","10","0","1.02900","10.29"
"17","2","296-15240-1-ND","TPS61092RSAR","IC REG BOOST 5V 2A 16QFN","","2","0","2.71000","5.42"
"18","2","296-47360-1-ND","TLV62569DBVR","IC REG BUCK ADJ 2A SOT23-5","","2","0","0.25000","0.50"
"19","10","535-AMELA3012S-2R2MTCT-ND","AMELA3012S-2R2MT","FIXED IND 2.2UH 3.3A 74 MOHM SMD","","10","0","0.77300","7.73"
"20","2","535-ABM8-272-T3CT-ND","ABM8-272-T3","CRYSTAL 12.0000MHZ 10PF SMD","","2","0","0.54000","1.08"
"21","1","296-48721-1-ND","TPD1E01B04DPYR","TVS DIODE 3.6VWM 15VC 2X1SON","","1","0","0.39000","0.39"
"22","1","1473-1239-1-ND","SIT1533AI-H4-DCC-32.768E","MEMS OSC XO 32.7680KHZ LVCMOS","","1","0","1.33000","1.33"
"23","1","296-10846-1-ND","TPA6111A2DR","IC AMP CLASS AB STER 150MW 8SOIC","","1","0","1.13000","1.13"
"24","2","CP-43514-ND","SJ-43514","CONN JACK 4COND 3.5MM R/A","","2","0","1.20000","2.40"
"25","1","1N4148WTCT-ND","1N4148WT","DIODE STANDARD 75V 200MA SOD523F","","1","0","0.11000","0.11"
"26","2","497-LSM6DSO32CT-ND","LSM6DSO32TR","INEMO INERTIAL MODULE: 3D ACCELE","","2","0","3.50000","7.00"
"27","2","828-1063-1-ND","BME280","SENSOR PRESSURE HUMIDITY TEMP","","2","0","4.03000","8.06"
"28","2","568-5306-1-ND","PCF8523T/1,118","IC RTC CLOCK/CALENDAR I2C 8SO","","2","0","1.35000","2.70"
"29","2","AP2112K-1.8TRG1DICT-ND","AP2112K-1.8TRG1","IC REG LINEAR 1.8V 600MA SOT-25","","2","0","0.22000","0.44"
"30","2","535-9143-1-ND","ABM8-28.63636MHZ-B2-T","CRYSTAL 28.63636MHZ 18PF SMD","","2","0","0.43000","0.86"
"31","1","1528-2645-ND","1681","VS1053B MP3/WAV/OGG/MIDI PLAYER","","1","0","12.50000","12.50"
"32","10","493-3821-1-ND","RSL0J221MCN1GB","CAP ALUM POLY 220UF 20% 6.3V SMD","","10","0","0.73300","7.33"
"33","5","478-KC2016Z12.2880C15XXKCT-ND","KC2016Z12.2880C15XXK","CLOCK OSCILLATOR,2.0X1.6X0.8MM S","","5","0","1.27000","6.35"
"34","2","2223-MSD-4-ACT-ND","MSD-4-A","CONN MICROSD CARD R/A SMD","","2","0","0.36000","0.72"
"35","1","296-TPS2116DRLRCT-ND","TPS2116DRLR","1.6-V TO 5.5-V, 40-M, 2.5-A, LOW","","1","0","0.90000","0.90"

